name,description
Case Based,"which refers to research papers focusing on case-based reasoning (CBR) in the field of artificial intelligence. Case-based reasoning is a problem-solving approach that utilizes specific knowledge of previously encountered, concrete problem situations (cases). In this method, a new problem is solved by finding similar past cases and reusing them in the new situation. The approach relies on the idea of learning from past experiences to solve new problems, which makes it relevant in many applications including medical diagnosis, legal decision-making, and others. Thus, the Case Based category would include papers that primarily focus on this particular methodology and its various aspects."
Genetic Algorithms,"which would include research papers related to genetic algorithms (GAs). Genetic algorithms are a type of optimization and search algorithms inspired by the process of natural selection and genetics. These algorithms generate solutions to optimization problems using techniques inspired by natural evolution, such as inheritance, mutation, selection, and crossover. In practice, genetic algorithms can be used to find solutions to complex problems that are difficult to solve with traditional methods, particularly in domains where the search space is large, complex, or poorly understood. This category would cover various aspects of genetic algorithms, including their design, analysis, implementation, theoretical background, and diverse applications."
Neural Networks,"which refers to research papers revolving around the concept of artificial neural networks (ANNs). Neural networks are a subset of machine learning algorithms modelled after the human brain, designed to learn from observational data. They are the foundation of deep learning technologies and can process complex data inputs, find patterns, and make decisions. The network consists of interconnected layers of nodes, or neurons, and each connection is assigned a weight that shapes the data and helps produce a meaningful output. Topics covered under this category could range from the architecture and function of different neural network models, advancements in training techniques, to their application in a multitude of fields such as image and speech recognition, natural language processing, and medical diagnosis."
Probabilistic Methods,"which pertains to research papers that focus on probabilistic methods and models in machine learning and artificial intelligence. Probabilistic methods use the mathematics of probability to make predictions and decisions. They provide a framework to handle and quantify uncertainty and incomplete information, which is common in real-world problems. This category could include topics such as Bayesian networks, Gaussian processes, Markov decision processes, and statistical techniques for prediction and inference. These methods are widely applied in areas such as computer vision, natural language processing, robotics, and data analysis due to their ability to model complex and uncertain systems."
Reinforcement Learning,"which refers to research papers focusing on the area of machine learning known as reinforcement learning (RL). Reinforcement learning is a paradigm where an agent learns to make decisions by taking actions in an environment to achieve a goal. The agent learns from the consequences of its actions through rewards or penalties rather than explicit supervision. This category includes research on RL algorithms, theoretical foundations, performance improvements, and practical applications in domains such as game playing, robotics, resource management, and autonomous driving."
Rule Learning,"which pertains to research papers that concentrate on rule-based learning, also known as rule-based machine learning. Rule learning involves generating a set of interpretable rules, often in an if-then format, to make predictions or decisions based on patterns discovered in data. This category encompasses research on rule learning algorithms, their theoretical foundations, enhancements, and applications, especially in domains where interpretability and transparency are crucial, such as medical diagnosis and credit risk assessment."
Theory,"which refers to research papers that delve into the theoretical aspects of machine learning and artificial intelligence. This includes studies on learning theory, statistical learning, information theory, optimization, and performance analysis of algorithms. It may also cover the development of new theoretical frameworks, investigations into the nature of intelligence, and discussions on artificial general intelligence and AI ethics. The Theory category primarily focuses on conceptual and theoretical contributions rather than application-driven research."
Agents,"Specifically, agents are autonomous entities that perceive their environment through sensors and act upon it using actuators. They are designed to achieve specific goals or tasks."
Machine Learning,"Specifically, ML research investigates how to create systems that can automatically improve their performance on tasks by identifying patterns and insights from vast amounts of data. Researchers in Machine Learning explore diverse techniques such as supervised learning, unsupervised learning, reinforcement learning, and deep learning to build systems that can predict outcomes, classify data, and make intelligent decisions."
Information Retrieval,"Specifically, IR research focuses on the study of information retrieval systems, which are designed to help users find relevant information in large collections of data. Researchers in Information Retrieval explore techniques such as indexing, querying, and ranking to build systems that can efficiently retrieve information based on user queries."
Database,"Specifically, DB research investigates how to design, build, and manage databases, which are organized collections of data that can be accessed, managed, and updated. Researchers in Database Systems explore techniques such as data modeling, query languages, and transaction processing to build systems that can store, retrieve, and manipulate data."
Human Computer Interaction,"Specifically, HCI research focuses on the study of human-computer interaction, which explores how people interact with computers and other digital technologies. Researchers in Human-Computer Interaction investigate how to design user-friendly interfaces, improve usability, and enhance user experience to build systems that are intuitive, efficient, and effective."
Artificial Intelligence,"Specifically, AI research investigates how to create intelligent systems that can perform tasks that typically require human intelligence, such as perception, reasoning, learning, and decision-making. Researchers in Artificial Intelligence explore diverse techniques such as knowledge representation, planning, and natural language processing to build systems that can solve complex problems, adapt to new environments, and interact with humans."
Computational linguistics,"Computational linguistics is an interdisciplinary field combining linguistics and computer science to analyze and model natural language. It involves developing algorithms and computational models to understand, generate, and manipulate human language. Applications include machine translation, speech recognition, sentiment analysis, and chatbot development. By leveraging statistical methods and artificial intelligence, computational linguistics aims to enhance human-computer interaction and improve the processing of linguistic data."
Databases,"Databases are organized collections of data, designed to store, manage, and retrieve information efficiently. They enable structured querying and data manipulation through languages like SQL. Databases can be categorized into relational (e.g., MySQL, PostgreSQL) and non-relational (e.g., MongoDB, Cassandra) systems, each suited for different applications and data structures. They play a vital role in various domains, including business, research, and web applications, facilitating data-driven decision-making."
Operating systems,"Operating systems (OS) are essential software that manage computer hardware and software resources, providing a user interface and facilitating interactions between applications and hardware. Key functions include process management, memory management, file system handling, and device control. Popular operating systems include Windows, macOS, and Linux. OSs enable multitasking, security, and resource allocation, playing a crucial role in the overall functionality and performance of computing devices."
Computer architecture,"Computer architecture is the design and organization of computer systems, encompassing the structure and functionality of hardware components. It includes the CPU, memory hierarchy, and input/output systems, focusing on how they interact to perform tasks efficiently. Key concepts involve instruction sets, parallelism, and microarchitecture. Understanding computer architecture is crucial for optimizing performance, enhancing energy efficiency, and developing new computing technologies, impacting both hardware design and software development."
"Computer security, Computer network security, Access control, Data security, Computational trust, Computer security exploits","Computer security encompasses measures to protect systems from threats, ensuring confidentiality, integrity, and availability of data. Computer network security focuses on safeguarding networks from unauthorized access and attacks. Access control regulates who can view or use resources, while data security protects sensitive information from breaches. Computational trust ensures reliability in transactions and interactions, and computer security exploits are vulnerabilities that attackers leverage to compromise systems. Together, these elements safeguard digital environments."
Internet protocols,"Internet protocols are standardized rules that govern data communication over the internet, ensuring devices can communicate effectively. Key examples include TCP (Transmission Control Protocol), which ensures reliable data transmission, and IP (Internet Protocol), which handles addressing and routing. Other protocols, like HTTP (for web traffic) and FTP (for file transfer), facilitate specific types of data exchange. Collectively, these protocols enable the seamless functioning of the internet and support diverse applications and services."
Computer file systems,"Computer file systems are crucial components of operating systems that manage how data is stored, organized, and accessed on storage devices. They arrange files into directories, facilitate operations like creation and deletion, and manage permissions and metadata. Various file systems exist, such as NTFS (Windows), ext4 (Linux), and HFS+ (macOS), each designed for specific performance, reliability, and compatibility needs across different platforms."
Distributed computing architecture,"Distributed computing architecture involves a system of interconnected computers that collaboratively process data and tasks. It enables resource sharing and parallel processing across multiple machines, enhancing performance and scalability. Key components include clients, servers, and communication protocols that facilitate coordination and data exchange. Common examples are cloud computing and grid computing. This architecture is vital for handling large-scale applications, improving efficiency, and supporting fault tolerance in various domains, from scientific research to enterprise solutions."
"Web technology, Web software, Web services","Web technology encompasses tools and protocols that facilitate the creation and interaction of web applications and services. Web software refers to applications designed to run on web servers, such as content management systems and e-commerce platforms. Web services are standardized methods for enabling communication between different software systems over the internet, typically using protocols like HTTP and XML or JSON for data exchange. Together, they underpin the functionality and connectivity of the modern web."
"Programming language topics, Programming language theory, Programming language concepts, Programming language classification","Programming language topics encompass the study of languages used for software development, focusing on syntax, semantics, and implementation. Programming language theory investigates foundational concepts, including type systems, compilers, and language design. Programming language concepts cover key ideas like abstraction, encapsulation, and concurrency, shaping how languages are built and used. Programming language classification categorizes languages based on paradigms (e.g., procedural, functional, object-oriented), syntax, and application domains, aiding in understanding their strengths and weaknesses."
Video Surveillance," which enhance security and monitoring with advanced video surveillance systems. From IP cameras and security camera systems to video recorders and monitoring software, these solutions offer peace of mind and visual protection."
Accessories," which enhance your photography experience with a vast array of accessories. Find memory cards, batteries, camera grips, remote controls, and more to ensure you're equipped for any shooting scenario."
Binoculars & Scopes," which bring distant subjects into focus with high-quality binoculars and scopes. These optical instruments are perfect for birdwatching, nature observation, stargazing, and outdoor adventures."
Video," which elevate your videography skills with professional video equipment. From high-quality camcorders and action cameras to gimbals, drones, and editing software, these tools empower you to create stunning visual content."
Lighting & Studio," which take your photography to the next level with professional lighting and studio equipment. Explore continuous lighting, strobes, softboxes, reflectors, and backdrops for achieving perfect illumination and creative effects."
Bags & Cases," which protect your valuable photography equipment with durable and stylish bags and cases. Choose from backpacks, messenger bags, roller cases, and protective sleeves to keep your gear safe and organized."
Tripods & Monopods," which achieve steady and blur-free shots with sturdy tripods and monopods. These essential tools provide stability and versatility, enabling you to capture sharp images and smooth video footage."
Flashes," which illuminate your subjects with precision and control using high-performance camera flashes. From compact on-camera flashes to powerful studio strobes, these lighting solutions enhance your photography in any environment."
Digital Cameras," which upgrade your photography game with advanced digital cameras. Explore a diverse selection of DSLRs, mirrorless cameras, point-and-shoots, and camera bundles to capture precious moments with stunning clarity."
Film Photography," which rediscover the art of traditional film photography. Explore a wide range of film cameras, film stocks, darkroom equipment, and accessories for capturing timeless images with a vintage aesthetic."
Lenses," which expand your creative possibilities with a diverse range of camera lenses. From wide-angle to telephoto, prime to zoom, these lenses offer versatility and precision for capturing breathtaking images."
Underwater Photography," which dive into the captivating world of underwater photography. Discover specialized waterproof cameras, housings, lenses, and accessories designed to withstand the aquatic environment and capture stunning marine life."
World," which explores global events and trends throughout history."
Americas," which delves into the rich history of North, Central, and South America."
Asia," which focuses on the diverse cultures and historical developments in Asia."
Military," which examines wars, conflicts, military strategy, and their impact on history."
Europe," which covers the complex history of the European continent."
Russia," which specifically studies the history of Russia, its empires, and its role in the world."
Africa," which explores the vast and diverse histories of African nations and cultures."
Ancient Civilizations," which investigates the origins, rise, and fall of early civilizations."
Middle East," which examines the history of the Middle East, including its cultures and pivotal events."
Historical Study & Educational Resources," which provides tools, guides, and resources for the study of history."
Australia & Oceania," which focuses on the history of Australia, New Zealand, and Pacific Island nations."
Arctic & Antarctica," which explores the history and significance of the polar regions."
Computer Accessories & Peripherals," which upgrade your computing setup with essential accessories and peripherals. Explore keyboards, mice, webcams, printers, scanners, and more to boost productivity, enhance ergonomics, and streamline your workflow."
Tablet Accessories," which enhance the functionality and protection of your tablet with a variety of accessories. Cases, covers, stylus pens, keyboards, stands, and screen protectors ensure a personalized and secure tablet experience."
Laptop Accessories," which enhance your laptop experience with a wide range of accessories. From protective cases and sleeves to external hard drives, wireless mice, and portable speakers, these accessories provide convenience, functionality, and personalization for your laptop."
Computers & Tablets," which explore a wide range of computers and tablets to suit your personal or professional requirements. From powerful desktop PCs and portable laptops to versatile 2-in-1 devices and sleek tablets, these cutting-edge machines offer performance, mobility, and functionality."
Computer Components," which build or upgrade your custom computer with high-performance components. From processors and motherboards to graphics cards, RAM, and cooling solutions, these components offer power, speed, and customization for your unique computing needs."
Data Storage," which keeps your digital files safe and organized with reliable data storage solutions. Choose from external hard drives, solid-state drives, network-attached storage, and cloud storage options to securely store and backup your valuable data."
Networking Products," which establish seamless connectivity with networking products designed for home or office use. Routers, modems, switches, access points, and networking cables ensure reliable internet access, file sharing, and secure network connections."
Monitors," which upgrade your visual experience with high-quality monitors suitable for various computing needs. From sleek and stylish displays for everyday use to specialized monitors for gaming, graphic design, or professional applications, these monitors deliver stunning visuals and optimal viewing angles."
Servers," which power your business or organization with reliable and high-performance servers. From entry-level servers for small businesses to enterprise-grade solutions for data centers, these servers offer robust computing power, storage capacity, and advanced features."
Tablet Replacement Parts," which extend the life of your tablet by replacing worn-out or damaged components. Find official replacement parts like batteries, screens, cameras, and other essential components to restore your tablet's functionality."